temp,temp_min,temp_max,pressure,humidity,speed,deg,main,description,dt_iso
946684800,55.35,51.8,65.53,1016,73,9.17,20,'Clear','sky is clear'
946688400,55.38,51.8,65.42,1016,76,8.05,20,'Clouds','few clouds'
946692000,55.67,51.8,65.26,1016,76,8.05,20,'Clouds','scattered clouds'
946695600,54.09,48.92,65.11,1016,70,8.05,20,'Clear','sky is clear'
946699200,54.39,48.2,64.95,1016,66,8.05,20,'Clouds','few clouds'
946702800,53.19,46.4,64.85,1017,71,5.82,20,'Clear','sky is clear'
946706400,54.21,50.9,64.78,1017,75,5.82,30,'Clouds','few clouds'
946710000,59.92,56.04,64.73,1018,58,2.24,30,'Clouds','few clouds'
946713600,64.83,64.4,66.58,1018,77,8.05,310,'Clouds','overcast clouds'
946717200,65.97,65.15,66.74,1017,71,12.75,280,'Clouds','broken clouds'
946720800,65.7,64.63,66.2,1016,72,12.75,270,'Clouds','overcast clouds'
946724400,65.82,64.52,66.2,1016,72,13.87,270,'Clouds','overcast clouds'
946728000,65.77,63.92,67.64,1016,69,13.87,280,'Clouds','broken clouds'
946731600,64.51,62.32,66.2,1016,72,13.87,290,'Clouds','overcast clouds'
946735200,63,60.64,64.4,1016,72,12.75,290,'Clouds','overcast clouds'
946738800,61.86,60.44,63.91,1016,79,9.17,300,'Clouds','broken clouds'
946742400,61.23,59,64.51,1016,82,6.93,310,'Clouds','broken clouds'
946746000,59.92,57.2,64.16,1016,82,8.05,320,'Clouds','few clouds'
946749600,57.63,54.14,63.88,1017,89,6.93,340,'Clouds','scattered clouds'
946753200,56.26,51.8,63.83,1017,93,5.82,20,'Clear','sky is clear'
946756800,56.97,53.6,63.63,1017,87,5.82,20,'Clouds','overcast clouds'
946760400,55.11,51.26,63.28,1017,89,6.93,20,'Clouds','few clouds'
946764000,54.77,51.8,62.56,1017,87,4.7,20,'Clouds','broken clouds'
946767600,53.26,50,62.2,1016,87,5.82,360,'Clouds','few clouds'
946771200,53.92,51.08,62.16,1016,89,6.93,20,'Clouds','few clouds'
946774800,54.21,51.8,61.76,1016,87,6.93,30,'Clouds','overcast clouds'
946778400,54.12,51.8,61.4,1016,87,6.93,30,'Clouds','overcast clouds'
946782000,54.43,52.7,60.98,1016,82,8.05,20,'Clouds','broken clouds'
946785600,53.29,50,60.86,1016,87,8.05,20,'Clouds','broken clouds'
946789200,53.64,51.8,60.77,1016,87,5.82,20,'Clouds','broken clouds'
946792800,54.01,52.34,60.59,1016,92,4.7,20,'Clouds','broken clouds'
946796400,56.86,53.9,60.57,1017,82,3.36,10,'Clouds','broken clouds'
946800000,60.48,58.59,60.97,1017,72,2.24,310,'Clouds','broken clouds'
946803600,62.89,59.65,65.3,1016,58,8.05,280,'Clouds','broken clouds'
946807200,63.07,59.06,64.4,1015,59,6.93,300,'Clouds','broken clouds'
946810800,63,58.63,64.4,1014,55,9.17,290,'Clouds','broken clouds'
946814400,62.24,58.06,63.5,1014,58,9.17,300,'Clouds','broken clouds'
946818000,62.15,58.34,64.4,1014,59,12.75,290,'Clouds','broken clouds'
946821600,60.94,58.26,62.6,1014,63,9.17,300,'Clouds','broken clouds'
946825200,60.08,57.03,61.88,1014,66,6.93,320,'Clouds','broken clouds'
946828800,59.68,57.85,61.46,1014,72,3.36,340,'Clouds','broken clouds'
946832400,59.65,57.73,61.44,1014,72,3.36,10,'Clouds','overcast clouds'
946836000,58.87,56.72,61.48,1014,74,3.36,280,'Clouds','broken clouds'
946839600,58.44,57.2,61.59,1013,71,3.36,340,'Clouds','broken clouds'
946843200,58.42,57.2,61.62,1013,71,3.36,20,'Clouds','broken clouds'
946846800,58.03,56.12,61.57,1012,77,3.36,10,'Clouds','broken clouds'
946850400,58.66,55.49,61.97,1011,76,6.93,10,'Rain','light intensity shower rain'
946854000,58.69,55.91,61.9,1012,76,5.82,20,'Rain','light intensity shower rain'
946857600,58.71,56.32,61.72,1011,73,8.05,10,'Rain','light rain'
946861200,58.57,56.93,61.34,1011,73,8.05,10,'Rain','light rain'
946864800,57.06,55.4,60.81,1010,87,8.05,20,'Rain','light rain'
946868400,56.91,55.76,60.51,1010,88,6.93,20,'Rain','light rain'
946872000,56.01,53.6,60.13,1010,93,3.36,10,'Rain','light rain'
946875600,55.38,53.6,59.26,1011,93,3.36,350,'Rain','light rain'
946879200,54.95,53.24,58.46,1011,94,3.36,60,'Rain','light rain'
946882800,55.51,53.6,58.56,1011,100,9.17,30,'Rain','light rain'
946886400,56.39,55.16,58.76,1010,93,3.36,360,'Rain','light rain'
946890000,58.32,57.07,60.44,1010,87,4.7,300,'Clouds','broken clouds'
946893600,58.21,56.2,60.8,1010,87,6.93,300,'Rain','light rain'
946897200,57.51,55.4,60.8,1009,93,11.41,310,'Rain','moderate rain'
946900800,57.87,56.48,59.74,1009,90,5.82,300,'Rain','light rain'
946904400,58.57,56.9,60.8,1009,87,3.36,320,'Clouds','broken clouds'
946908000,58.95,56.91,60.71,1008,72,13.87,290,'Clouds','broken clouds'
946911600,57.65,55.31,60.77,1009,90,2.24,340,'Clouds','broken clouds'
946915200,57.15,55.08,60.74,1009,93,6.93,320,'Clouds','broken clouds'
946918800,56.41,53.6,60.59,1009,81,4.7,350,'Clouds','few clouds'
946922400,55.02,51.44,60.4,1009,87,6.93,350,'Clouds','few clouds'
946926000,55.08,51.8,60.27,1010,87,5.82,350,'Clouds','few clouds'
946929600,57.47,55.05,60.13,1010,58,6.93,290,'Clouds','few clouds'
946933200,53.19,50.36,60.06,1010,87,9.17,340,'Rain','light intensity shower rain'
946936800,52.88,50,60.6,1010,87,2.24,30,'Clouds','few clouds'
946940400,55.89,51.8,60.14,1010,67,16.11,290,'Clouds','broken clouds'
946944000,55.89,53.06,59.43,1010,60,5.82,280,'Clouds','broken clouds'
946947600,55.6,51.8,58.49,1010,58,16.11,290,'Clouds','broken clouds'
946951200,55.15,51.8,57.56,1009,58,16.11,290,'Clouds','broken clouds'
946954800,54.39,52.05,57.05,1009,70,18.34,260,'Rain','light intensity shower rain'
946958400,54.37,51.88,57.09,1009,70,18.34,260,'Rain','light intensity shower rain'
946962000,54.48,50.77,56.83,1008,58,23.04,250,'Clouds','broken clouds'
946965600,55.38,51.88,56.3,1009,47,25.28,240,'Clouds','broken clouds'
946969200,54.73,50.75,55.83,1008,62,25.28,230,'Clouds','broken clouds'
946972800,54.55,50.59,55.4,1008,58,4.7,230,'Clouds','few clouds'
946976400,54.72,49.8,56.12,1008,55,29.97,230,'Clouds','few clouds'
946980000,54.1,47.88,55.4,1007,50,27.51,260,'Clouds','few clouds'
946983600,52.66,48.32,55.4,1006,66,28.86,260,'Rain','light intensity shower rain'
946987200,53.71,48.18,55.04,1005,56,32.21,260,'Clouds','few clouds'
946990800,51.96,47.56,54.16,1006,71,33.33,260,'Rain','light intensity shower rain'
946994400,51.71,47.42,53.6,1005,62,28.86,250,'Rain','light intensity shower rain'
946998000,52.68,46.77,54.14,1005,53,27.51,250,'Clouds','broken clouds'
947001600,52.59,47.51,53.6,1005,62,27.51,260,'Clouds','broken clouds'
947005200,52.65,48.58,53.6,1005,62,26.4,250,'Clouds','few clouds'
947008800,52.32,47.83,53.42,1005,66,25.28,270,'Clouds','few clouds'
947012400,52.48,48.27,53.6,1005,54,29.97,240,'Clouds','few clouds'
947016000,51.51,47.21,53.6,1005,66,29.97,260,'Rain','light intensity shower rain'
947019600,52.21,46.85,53.6,1005,48,25.28,240,'Clouds','few clouds'
947023200,52.34,45.83,53.6,1004,54,28.86,250,'Clouds','few clouds'
947026800,52,46.35,53.6,1004,50,29.97,250,'Clouds','few clouds'
947030400,49.53,46.88,53.15,1004,68,27.51,260,'Clouds','few clouds'
947034000,50.38,46.72,52.73,1003,61,26.4,260,'Clouds','few clouds'
947037600,49.73,46.09,52.22,1003,61,26.4,260,'Clouds','few clouds'
947041200,48.78,45.23,51.18,1002,74,27.51,210,'Clouds','few clouds'
947044800,49.03,44.49,50,1001,74,27.51,210,'Clouds','few clouds'
947048400,48.61,44.62,50,1002,81,33.33,260,'Rain','light intensity shower rain'
947052000,47.26,44.24,50.21,1003,86,25.28,280,'Rain','light intensity shower rain'
947055600,48.65,46.34,50.63,1003,76,29.97,270,'Clouds','broken clouds'
947059200,49.75,47.56,50.87,1004,81,16.11,280,'Clouds','broken clouds'
947062800,49.73,47.82,51.1,1004,69,12.75,310,'Rain','light intensity shower rain'
947066400,47.98,46.4,51.64,1005,81,17.22,300,'Rain','light intensity shower rain'
947070000,48.97,46.4,51.83,1005,87,14.99,300,'Rain','light intensity shower rain'
947073600,49.87,47.66,52.7,1006,76,9.17,290,'Clouds','broken clouds'
947077200,50.52,48.22,52.18,1006,66,5.82,310,'Clouds','broken clouds'
947080800,50.4,46.69,52.72,1007,61,9.17,310,'Clouds','broken clouds'
947084400,49.12,47.23,53.2,1007,82,9.17,290,'Rain','light intensity shower rain'
947088000,49.24,47.48,53.55,1007,82,9.17,290,'Rain','light intensity shower rain'
947091600,48.83,46.4,54.12,1008,81,3.36,30,'Clouds','broken clouds'
947095200,47.77,45.86,54.71,1008,81,2.24,120,'Clouds','broken clouds'
947098800,47.64,44.6,55.05,1009,81,4.7,80,'Clouds','broken clouds'
947102400,47.8,44.6,55.25,1009,81,4.7,80,'Clouds','broken clouds'
947106000,45.88,41.54,55.2,1010,88,3.36,80,'Clouds','few clouds'
947109600,46.49,42.8,54.9,1010,75,9.17,340,'Clouds','few clouds'
947113200,46.58,42.8,54.74,1010,75,9.17,340,'Clouds','few clouds'
947116800,45.64,39.2,54.71,1011,70,6.93,340,'Clouds','few clouds'
947120400,45.52,39.2,54.78,1011,70,6.93,340,'Clouds','few clouds'
947124000,46.42,42.8,54.85,1011,70,6.93,340,'Clouds','few clouds'
947127600,44.94,41.54,55.06,1011,69,8.05,20,'Clouds','few clouds'
947131200,45.27,41,55.25,1012,86,8.05,20,'Clouds','few clouds'
947134800,45.88,42.8,55.5,1013,70,6.93,30,'Clouds','few clouds'
947138400,46.78,41.54,55.74,1013,78,5.82,80,'Clouds','few clouds'
947142000,49.57,46.4,55.98,1014,70,5.82,70,'Clouds','few clouds'
947145600,54.66,52.45,56.36,1015,58,3.36,270,'Clouds','broken clouds'
947149200,56.86,53.07,58.1,1015,48,10.29,300,'Clouds','few clouds'
947152800,58.05,55.41,59,1014,51,12.75,290,'Clouds','few clouds'
947156400,58.1,55.37,59,1014,47,9.17,290,'Clouds','few clouds'
947160000,57.94,55.34,59.54,1014,49,12.75,270,'Clouds','few clouds'
947163600,58.19,55.36,59,1015,47,13.87,280,'Clouds','few clouds'
947167200,57.38,55.19,59,1015,50,5.82,290,'Clouds','few clouds'
947170800,54.63,52.52,57.73,1015,64,3.36,320,'Clouds','few clouds'
947174400,53.06,50,58.05,1015,76,6.93,10,'Clouds','few clouds'
947178000,52.95,50,58.5,1016,61,5.82,20,'Clouds','few clouds'
947181600,51.48,48.2,58.96,1016,75,6.93,50,'Clouds','few clouds'
947185200,51.48,48.2,59.34,1016,75,11.41,30,'Clouds','few clouds'
947188800,50.67,46.4,59.44,1016,70,10.29,30,'Clouds','broken clouds'
947192400,50.09,45.86,59.2,1016,70,8.05,30,'Clouds','few clouds'
947196000,50.25,46.4,59.09,1016,75,8.05,30,'Clouds','few clouds'
947199600,51.01,48.2,58.89,1016,70,8.05,30,'Clouds','broken clouds'
947203200,50.2,46.94,58.35,1016,89,9.17,40,'Clouds','broken clouds'
947206800,50.86,48.2,57.86,1016,87,9.17,30,'Clouds','broken clouds'
947210400,50.86,48.2,57.66,1016,87,9.17,30,'Clouds','broken clouds'
947214000,50.79,47.3,57.5,1016,84,6.93,20,'Clouds','broken clouds'
947217600,50.13,46.4,57.57,1015,87,10.29,30,'Clouds','broken clouds'
947221200,50.04,46.4,57.52,1016,87,8.05,20,'Rain','light rain'
947224800,51.08,48.38,57.67,1016,92,2.24,20,'Rain','light intensity shower rain'
947228400,52.07,50,57.71,1016,93,5.82,60,'Clouds','broken clouds'
947232000,53.87,51.8,57.51,1016,87,5.82,50,'Rain','light intensity shower rain'
947235600,54.07,51.62,57.26,1016,93,3.36,30,'Clouds','broken clouds'
947239200,56.25,53.49,57.57,1015,62,11.41,230,'Clouds','few clouds'
947242800,57.85,53.44,59,1015,58,17.22,250,'Clouds','broken clouds'
947246400,57.2,53.37,58.1,1015,54,20.8,250,'Clouds','few clouds'
947250000,57.07,52.93,59,1015,44,18.34,240,'Clouds','few clouds'
947253600,56.53,52.01,58.13,1015,50,18.34,250,'Clouds','few clouds'
947257200,55.69,52.75,58.27,1015,51,17.22,250,'Clouds','few clouds'
947260800,55.58,53.59,58.2,1015,54,17.22,260,'Clouds','few clouds'
947264400,55.11,53.56,57.97,1015,58,13.87,240,'Clouds','few clouds'
947268000,53.98,49.46,57.54,1016,54,17.22,250,'Clouds','few clouds'
947271600,53.38,48.2,57.22,1016,58,20.8,260,'Clouds','few clouds'
947275200,54.32,50,57.2,1016,54,20.8,240,'Rain','light intensity shower rain'
947278800,54.12,49.1,57.38,1016,53,11.41,250,'Clouds','broken clouds'
947282400,55.9,49.7,57.2,1016,54,24.16,240,'Clouds','broken clouds'
947286000,55.45,49.68,57.2,1016,58,23.04,240,'Clouds','broken clouds'
947289600,54.61,49.64,56.29,1016,65,20.8,270,'Clouds','broken clouds'
947293200,54.7,50.04,56.27,1016,54,19.46,260,'Clouds','few clouds'
947296800,54.27,50.57,56.13,1016,54,19.46,260,'Clouds','few clouds'
947300400,54.52,49.61,56.04,1016,65,23.04,250,'Clouds','few clouds'
947304000,53.8,49.58,55.99,1016,66,21.92,250,'Clouds','few clouds'
947307600,53.89,50.24,55.88,1017,66,21.92,250,'Clouds','few clouds'
947311200,54.46,52.39,55.74,1017,50,23.04,250,'Clouds','few clouds'
947314800,53.87,51.05,55.66,1018,43,17.22,250,'Clouds','few clouds'
947318400,55.51,51.2,57.2,1018,44,19.46,250,'Clouds','few clouds'
947322000,55.87,51.98,57.2,1018,42,17.22,260,'Clouds','few clouds'
947325600,56.19,52.78,57.2,1017,38,17.22,250,'Clouds','few clouds'
947329200,56.28,53.09,57.2,1017,54,16.11,270,'Clouds','few clouds'
947332800,55.58,53.15,56.66,1017,49,16.11,260,'Clouds','few clouds'
947336400,55.11,53.36,55.86,1017,50,13.87,260,'Clouds','few clouds'
947340000,54.88,51.87,55.72,1017,35,11.41,250,'Clouds','few clouds'
947343600,53.62,49.49,55.66,1017,53,9.17,270,'Clouds','few clouds'
947347200,52.92,49.91,55.64,1018,54,6.93,290,'Clouds','few clouds'
947350800,51.12,48.2,55.61,1018,61,5.82,320,'Clouds','few clouds'
947354400,52.16,47.84,55.63,1018,51,12.75,260,'Clouds','few clouds'
947358000,52.23,46.4,55.67,1018,54,8.05,290,'Clouds','few clouds'
947361600,50.76,46.4,55.63,1018,61,3.36,30,'Clouds','few clouds'
947365200,49.62,47.12,55.62,1019,68,6.93,50,'Clouds','few clouds'
947368800,49.32,46.4,55.5,1018,70,5.82,50,'Clouds','few clouds'
947372400,49.32,46.4,55.51,1017,70,6.93,30,'Clouds','few clouds'
947376000,48.58,45.68,55.62,1018,74,6.93,30,'Clouds','few clouds'
947379600,48.34,44.6,55.61,1017,75,6.93,30,'Clouds','few clouds'
947383200,48.31,44.6,55.54,1017,75,6.93,30,'Clouds','few clouds'
947386800,47.5,42.44,55.49,1017,72,9.17,30,'Clouds','broken clouds'
947390400,47.28,41,55.46,1017,70,9.17,30,'Clouds','broken clouds'
947394000,45.14,39.2,55.26,1018,75,9.17,30,'Clouds','few clouds'
947397600,45.9,39.2,55.2,1018,75,9.17,30,'Clouds','few clouds'
947401200,54.37,52.07,55.4,1019,50,4.7,280,'Clouds','few clouds'
947404800,54.43,51.78,55.57,1019,50,4.7,280,'Clouds','few clouds'
947408400,56.16,51.29,57.56,1019,43,6.93,280,'Clouds','few clouds'
947412000,56.79,51.15,59,1018,38,12.75,280,'Clouds','few clouds'
947415600,56.79,51.09,59,1018,47,11.41,270,'Clouds','few clouds'
947419200,57.43,51.55,59.36,1018,47,11.41,270,'Clouds','few clouds'
947422800,57.29,51.26,59,1018,44,11.41,280,'Clouds','few clouds'
947426400,56.14,51.64,57.2,1019,44,11.41,290,'Clouds','few clouds'
947430000,53.85,52.16,56.21,1019,56,6.93,300,'Clouds','few clouds'
947433600,51.62,48.2,56.19,1019,61,5.82,350,'Clouds','few clouds'
947437200,49.98,46.4,56.25,1020,65,6.93,10,'Clouds','few clouds'
947440800,49.73,47.3,56.24,1020,64,8.05,10,'Clouds','few clouds'
947444400,48.38,44.6,56.23,1020,65,11.41,10,'Clouds','few clouds'
947448000,48.43,44.6,56.26,1020,65,11.41,20,'Clouds','few clouds'
947451600,47.79,43.16,56.31,1020,65,10.29,20,'Thunderstorm','proximity thunderstorm'
947455200,47.21,44.6,55.32,1020,70,10.29,10,'Clouds','few clouds'
947458800,47.28,44.6,55.43,1020,65,10.29,20,'Clouds','few clouds'
947462400,47.03,43.7,55.54,1021,70,9.17,20,'Thunderstorm','proximity thunderstorm'
947466000,46.56,41,55.66,1020,65,9.17,20,'Clouds','few clouds'
947469600,46.69,41,55.75,1020,65,9.17,20,'Clouds','few clouds'
947473200,47.16,43.7,56.04,1020,76,5.82,40,'Clouds','few clouds'
947476800,46.42,42.8,55.98,1020,81,8.05,20,'Clouds','broken clouds'
947480400,46,41,55.98,1021,86,4.7,40,'Clouds','broken clouds'
947484000,48.74,44.6,55.55,1021,83,9.17,20,'Clouds','broken clouds'
947487600,51.33,48.2,55.28,1021,71,3.36,20,'Clouds','few clouds'
947491200,53.74,50.07,55.4,1022,66,11.41,310,'Clouds','few clouds'
947494800,55.47,49.82,57.02,1021,60,12.75,300,'Clouds','few clouds'
947498400,56.52,50.54,59,1020,44,17.22,300,'Clouds','few clouds'
947502000,57,50.52,59,1020,44,18.34,310,'Clouds','few clouds'
947505600,56.59,51.2,58.64,1020,40,20.8,290,'Clouds','few clouds'
947509200,56.12,51.79,57.2,1021,44,18.34,300,'Clouds','few clouds'
947512800,55.33,51.41,57.2,1021,43,16.11,310,'Clouds','few clouds'
947516400,53.1,51.62,56.08,1021,54,9.17,330,'Clouds','few clouds'
947520000,50.27,46.4,56.03,1022,70,3.36,340,'Clouds','few clouds'
947523600,48.22,42.8,56.01,1022,70,5.82,20,'Clouds','few clouds'
947527200,47.62,42.98,56.11,1022,74,5.82,30,'Clear','sky is clear'
947530800,47.01,42.8,56.19,1022,75,8.05,20,'Clear','sky is clear'
947534400,47.21,44.6,56.28,1022,70,10.29,20,'Clear','sky is clear'
947538000,47.07,44.06,56.36,1022,70,12.75,30,'Clear','sky is clear'
947541600,45.64,42.8,55.49,1022,75,12.75,30,'Clear','sky is clear'
947545200,45.21,41,55.49,1022,70,12.75,20,'Clear','sky is clear'
947548800,44.71,40.1,55.46,1022,72,11.41,30,'Clear','sky is clear'
947552400,45.21,41,55.39,1022,75,8.05,20,'Clear','sky is clear'
947556000,44.83,39.2,55.29,1022,75,8.05,20,'Clear','sky is clear'
947559600,44.22,38.48,55.22,1022,66,12.75,40,'Clear','sky is clear'
947563200,44.38,41,55.26,1023,65,12.75,40,'Clear','sky is clear'
947566800,43.59,37.4,55.37,1023,70,13.87,50,'Clouds','few clouds'
947570400,45.41,39.74,55.46,1023,63,13.87,40,'Clouds','few clouds'
947574000,49.84,46.4,55.57,1024,53,12.75,50,'Clouds','few clouds'
947577600,54.46,51.92,55.79,1024,43,9.17,50,'Clouds','few clouds'
947581200,57.13,53.51,58.82,1024,41,4.7,200,'Clouds','few clouds'
947584800,57.42,53.58,59,1023,47,4.7,210,'Clouds','broken clouds'
947588400,57.49,53.75,59,1022,44,9.17,240,'Clouds','broken clouds'
947592000,57.43,53.87,59,1022,45,9.17,250,'Clouds','few clouds'
947595600,57.65,54.24,59,1022,47,10.29,260,'Clouds','few clouds'
947599200,56.68,52.66,59,1022,47,12.75,260,'Clouds','few clouds'
947602800,55.09,51.41,55.99,1022,49,8.05,260,'Clouds','few clouds'
947606400,52.61,50,56.03,1023,61,2.24,360,'Clouds','few clouds'
947610000,50.36,46.4,55.99,1022,70,5.82,30,'Clouds','few clouds'
947613600,50.05,47.12,55.94,1023,71,8.05,30,'Clouds','few clouds'
947617200,49.15,46.4,55.91,1023,75,9.17,30,'Clouds','few clouds'
947620800,48.58,46.4,55.86,1023,70,10.29,40,'Clouds','few clouds'
947624400,47.37,43.52,55.79,1023,76,9.17,60,'Clouds','few clouds'
947628000,46.69,42.8,55.69,1023,81,9.17,40,'Clouds','few clouds'
947631600,46.54,42.8,55.58,1022,70,10.29,50,'Clouds','scattered clouds'
947635200,47.05,42.62,55.48,1022,65,11.41,40,'Clouds','few clouds'
947638800,47.3,42.8,55.39,1022,65,10.29,50,'Clouds','few clouds'
947642400,47.37,42.8,55.19,1022,65,10.29,50,'Clouds','few clouds'
947646000,46.47,41.72,55.1,1022,69,9.17,40,'Clouds','broken clouds'
947649600,47.68,44.6,55.02,1022,61,11.41,40,'Clouds','few clouds'
947653200,46.98,44.6,54.95,1022,75,11.41,50,'Clouds','few clouds'
947656800,46.96,44.24,54.85,1023,69,8.05,50,'Clouds','few clouds'
947660400,50.74,48.2,54.85,1023,61,6.93,70,'Clouds','few clouds'
947664000,54.57,50.7,55.4,1023,50,4.7,70,'Clouds','few clouds'
947667600,56.16,52.84,58.46,1023,51,6.93,120,'Clouds','few clouds'
947671200,56.91,53.05,59,1022,44,8.05,160,'Clouds','few clouds'
947674800,57.04,53.49,59,1021,44,6.93,180,'Clouds','few clouds'
947678400,57.54,53.96,59.36,1022,47,11.41,310,'Clouds','few clouds'
947682000,55.74,54.17,57.2,1022,58,10.29,360,'Clouds','broken clouds'
947685600,54.36,52.56,56.44,1022,62,4.7,10,'Clouds','broken clouds'
947689200,53.96,52.2,56.69,1022,62,6.93,30,'Clouds','broken clouds'
947692800,52.52,50,56.91,1023,71,3.36,30,'Clouds','few clouds'
947696400,51.1,48.2,56.95,1023,75,6.93,30,'Clouds','few clouds'
947700000,50.72,47.84,56.9,1023,73,8.05,40,'Clouds','few clouds'
947703600,51.44,50,56.89,1024,61,9.17,80,'Clouds','few clouds'
947707200,50.47,48.2,56.73,1024,61,10.29,30,'Clouds','few clouds'
947710800,50.07,47.66,56.49,1024,64,10.29,40,'Clouds','broken clouds'
947714400,49.66,46.53,55.62,1024,66,5.82,40,'Clouds','broken clouds'
947718000,49.19,46.89,55.08,1024,61,9.17,50,'Clouds','broken clouds'
947721600,47.84,45.86,54.65,1024,66,8.05,50,'Clouds','broken clouds'
947725200,46.99,44.6,54.42,1024,70,8.05,40,'Clouds','few clouds'
947728800,46.33,44.44,54.24,1024,70,8.05,40,'Clouds','few clouds'
947732400,45.9,43.69,54.19,1024,75,11.41,50,'Clouds','broken clouds'
947736000,46.56,43.56,54.14,1024,65,12.75,50,'Clouds','few clouds'
947739600,45.81,41,54.09,1024,80,8.05,50,'Clouds','few clouds'
947743200,47.3,42.8,54.04,1025,75,8.05,40,'Clouds','few clouds'
947746800,50.05,48.08,54.01,1025,61,5.82,50,'Clouds','few clouds'
947750400,52.48,50.94,54.1,1025,53,8.05,80,'Clouds','broken clouds'
947754000,54.75,51.6,55.94,1025,52,6.93,90,'Clouds','broken clouds'
947757600,54.82,53.29,55.4,1024,54,5.82,150,'Clouds','broken clouds'
947761200,55.27,53.13,57.2,1024,54,2.24,150,'Rain','light rain'
947764800,54.84,51.81,57.74,1023,58,2.24,210,'Rain','light rain'
947768400,54.45,52.07,57.2,1024,66,2.24,90,'Clouds','broken clouds'
947772000,53.19,51.54,55.4,1024,76,4.59,326,'Clouds','broken clouds'
947775600,52.77,51.26,55.1,1023,78,2.24,30,'Clouds','broken clouds'
947779200,52.27,50,55.26,1024,87,5.82,30,'Clouds','broken clouds'
947782800,50.4,46.4,55.45,1024,81,6.93,30,'Clouds','few clouds'
947786400,49.96,46.04,55.6,1024,76,9.17,40,'Clouds','few clouds'
947790000,49.28,44.6,55.7,1024,81,10.29,40,'Clouds','few clouds'
947793600,50.2,48.2,55.76,1024,70,8.05,50,'Clouds','broken clouds'
947797200,50.16,48.2,55.77,1024,72,8.05,30,'Clouds','broken clouds'
947800800,49.03,46.4,55.44,1024,75,8.05,50,'Clouds','few clouds'
947804400,49.69,47.36,55.06,1023,75,8.05,30,'Clouds','broken clouds'
947808000,49.68,47.38,54.68,1023,75,4.7,70,'Clouds','broken clouds'
947811600,49.59,47.56,54.33,1023,75,6.93,40,'Clouds','broken clouds'
947815200,49.44,46.57,54.1,1023,75,6.93,40,'Clouds','broken clouds'
947818800,47.52,43.88,54,1023,79,8.05,60,'Clouds','few clouds'
947822400,47.07,42.8,53.98,1023,70,9.17,50,'Clouds','few clouds'
947826000,47.05,42.8,54,1023,75,10.29,40,'Clouds','few clouds'
947829600,47.32,42.62,53.91,1023,75,5.82,70,'Clouds','few clouds'
947833200,50.68,47.03,53.94,1023,57,9.17,80,'Clouds','few clouds'
947836800,54.46,50.8,55.4,1023,47,4.7,70,'Clouds','few clouds'
947840400,55.51,51.57,57.02,1023,46,11.41,140,'Clouds','few clouds'
947844000,57.31,54.7,59,1022,41,11.41,140,'Clouds','few clouds'
947847600,57.36,55.04,59,1021,44,13.87,140,'Clouds','few clouds'
947851200,57.2,54.32,59,1021,42,12.75,140,'Clouds','few clouds'
947854800,57.25,54.6,59,1021,44,12.75,130,'Clouds','few clouds'
947858400,56.03,54.2,57.2,1021,44,12.75,120,'Clouds','broken clouds'
947862000,53.62,52.41,55.97,1021,47,10.29,90,'Clouds','broken clouds'
947865600,51.49,50,56.15,1021,53,8.05,60,'Clouds','broken clouds'
947869200,51.24,50,55.89,1021,49,11.41,50,'Clouds','few clouds'
947872800,50.2,48.2,55.19,1021,54,11.41,50,'Clouds','few clouds'
947876400,49.91,48.2,54.3,1021,53,13.87,50,'Clouds','few clouds'
947880000,49.53,47.7,53.81,1021,53,12.75,80,'Clouds','few clouds'
947883600,49.39,46.73,53.71,1021,53,6.93,90,'Clouds','few clouds'
947887200,49.1,46.4,53.81,1020,56,2.24,80,'Clouds','few clouds'
947890800,49.14,46.4,53.96,1019,61,3.36,60,'Clouds','few clouds'
947894400,49.64,47.3,54.13,1019,53,5.82,30,'Clouds','few clouds'
947898000,49.28,46.4,54.21,1019,56,5.82,30,'Clouds','few clouds'
947901600,49.03,46.4,54.25,1019,56,5.82,30,'Clouds','few clouds'
947905200,51.1,47.68,54.24,1020,40,23.04,40,'Clouds','scattered clouds'
947908800,46.65,41,54.24,1019,65,6.93,30,'Clouds','broken clouds'
947912400,47.46,42.8,54.23,1020,60,8.05,30,'Clouds','few clouds'
947916000,46.96,43.52,54.16,1020,62,9.17,50,'Clouds','few clouds'
947919600,51.04,50,54.24,1020,49,2.24,50,'Clouds','broken clouds'
947923200,54.84,52.9,55.4,1020,37,8.05,80,'Clouds','broken clouds'
947926800,56.5,53.4,58.46,1020,32,3.36,100,'Clouds','broken clouds'
947930400,56.32,53.48,57.2,1019,35,5.82,180,'Clouds','broken clouds'
947934000,57.54,53.23,59,1018,33,4.7,230,'Clouds','broken clouds'
947937600,57.27,53.1,59,1018,38,6.93,200,'Clouds','broken clouds'
947941200,57.04,52.22,59,1018,38,5.82,250,'Clouds','broken clouds'
947944800,55.69,51.4,57.2,1018,44,5.82,250,'Clouds','broken clouds'
947948400,54.36,51.34,56.13,1018,49,5.82,250,'Clouds','broken clouds'
947952000,52.38,50.98,55.89,1019,57,3.36,350,'Clouds','broken clouds'
947955600,50.07,46.4,55.62,1019,65,5.82,40,'Clouds','broken clouds'
947959200,49.75,46.58,55.23,1019,59,10.29,50,'Clouds','few clouds'
947962800,49.44,46.4,54.75,1019,52,10.29,40,'Clouds','broken clouds'
947966400,49.05,46.4,54.36,1019,52,10.29,40,'Clouds','broken clouds'
947970000,48.29,44.96,54.09,1019,49,8.05,120,'Clouds','few clouds'
947973600,45.23,42.8,54.26,1019,52,11.41,100,'Clouds','broken clouds'
947977200,45.23,42.8,54.22,1019,56,10.29,100,'Clouds','broken clouds'
947980800,44.83,41.54,54.25,1019,56,6.93,60,'Clouds','few clouds'
947984400,44.87,41,54.25,1018,56,6.93,60,'Clouds','few clouds'
947988000,45.41,42.8,54.23,1018,54,12.75,50,'Clouds','few clouds'
947991600,45.54,43.16,54.25,1018,54,12.75,50,'Clouds','few clouds'
947995200,44.42,41,54.31,1018,65,9.17,50,'Clouds','broken clouds'
947998800,44.01,41,54.36,1019,70,5.82,50,'Clouds','few clouds'
948002400,46.26,43.52,54.35,1019,57,10.29,40,'Clouds','broken clouds'
948006000,49.33,48.2,54.35,1020,49,10.29,40,'Clouds','few clouds'
948009600,54.32,49.56,55.4,1020,35,4.7,30,'Clouds','few clouds'
948013200,55.94,52.84,57.2,1020,45,2.24,260,'Clouds','few clouds'
948016800,56.97,53.82,59,1019,41,5.82,210,'Clouds','few clouds'
948020400,57.43,53.92,59,1018,41,5.82,200,'Clouds','few clouds'
948024000,57.36,54.1,58.82,1018,40,5.82,260,'Clouds','few clouds'
948027600,57.43,53.23,59,1018,38,6.93,220,'Clouds','few clouds'
948031200,56.03,51.67,57.2,1019,47,3.36,260,'Clouds','few clouds'
948034800,54.5,49.93,55.76,1019,48,2.24,260,'Clouds','few clouds'
948038400,51.91,50,55.68,1019,61,2.24,360,'Clouds','few clouds'
948042000,49.46,44.6,55.87,1019,70,5.82,40,'Clouds','few clouds'
948045600,49.75,46.04,55.94,1019,68,8.05,30,'Clouds','few clouds'
948049200,49.73,46.4,56,1019,65,9.17,50,'Clouds','few clouds'
948052800,47.86,44.6,56.07,1019,70,10.29,50,'Clouds','few clouds'
948056400,46.56,43.52,56.23,1019,67,8.05,60,'Clouds','few clouds'
948060000,46,42.8,56.23,1019,70,11.41,40,'Clouds','few clouds'
948063600,45.54,42.8,56.07,1019,70,11.41,40,'Clouds','few clouds'
948067200,45.57,42.62,55.99,1019,70,11.41,40,'Clouds','few clouds'
948070800,45.73,42.8,55.96,1018,70,11.41,40,'Clouds','few clouds'
948074400,45.48,41,55.82,1018,70,11.41,40,'Clouds','few clouds'
948078000,45.27,41.72,55.63,1018,71,11.41,40,'Clouds','few clouds'
948081600,45.27,41,55.52,1017,70,11.41,50,'Clouds','few clouds'
948085200,44.56,41,55.46,1018,75,12.75,50,'Clouds','few clouds'
948088800,46.81,41.54,55.54,1018,65,10.29,50,'Clouds','broken clouds'
948092400,50.99,46.99,55.76,1017,66,5.82,50,'Clouds','few clouds'
948096000,54.7,50.24,56.13,1017,71,9.17,90,'Clouds','broken clouds'
948099600,56.62,50.12,59,1017,39,11.41,100,'Clouds','broken clouds'
948103200,57.42,53.6,59,1015,44,13.87,120,'Clouds','broken clouds'
948106800,57.43,53.43,59,1014,47,14.99,110,'Clouds','broken clouds'
948110400,57.67,53.54,59.36,1013,49,16.11,110,'Clouds','few clouds'
948114000,56.79,53.76,59,1013,54,13.87,120,'Clouds','broken clouds'
948117600,55.98,51.07,57.2,1012,50,13.87,120,'Clouds','broken clouds'
948121200,55.11,49.83,56.48,1012,51,13.87,120,'Clouds','broken clouds'
948124800,53.94,50.14,56.25,1011,57,12.75,80,'Clouds','broken clouds'
948128400,53.92,49.3,56.85,1011,57,12.75,90,'Clouds','broken clouds'
948132000,54.09,49.69,57.65,1010,57,13.87,90,'Clouds','overcast clouds'
948135600,54.3,50.2,58.2,1009,57,14.99,90,'Clouds','overcast clouds'
948139200,52.47,50,58.26,1008,87,13.87,90,'Rain','light rain'
948142800,51.62,49.28,56.91,1007,89,20.8,90,'Clouds','overcast clouds'
948146400,50.99,49.4,56.13,1005,87,17.22,90,'Clouds','overcast clouds'
948150000,52.09,49.54,55.38,1004,81,13.87,70,'Clouds','overcast clouds'
948153600,53.83,51.61,55.75,1002,89,12.75,210,'Clouds','broken clouds'
948157200,56.03,51.28,57.2,1001,76,18.34,250,'Clouds','broken clouds'
948160800,55.74,53.38,57.8,1001,76,18.34,250,'Clouds','broken clouds'
948164400,57.7,54.95,58.63,1000,72,20.8,250,'Clouds','broken clouds'
948168000,56.12,53.6,59,999,93,26.4,240,'Rain','light rain'
948171600,56.08,55.4,59.33,999,76,17.22,210,'Clouds','overcast clouds'
948175200,57.67,56.12,59.62,999,66,19.46,210,'Clouds','broken clouds'
948178800,56.66,55.4,59.3,999,76,21.92,230,'Thunderstorm','thunderstorm with rain'
948182400,57.33,54.52,59,998,76,21.14,232,'Thunderstorm','thunderstorm with rain'
948186000,57.6,52.64,59.72,998,70,28.86,230,'Clouds','broken clouds'
948189600,55.87,52.3,59,997,81,25.28,240,'Rain','light intensity shower rain'
948193200,54,52.39,56.09,996,76,18.34,240,'Rain','light intensity shower rain'
948196800,54.86,51.36,58.82,995,88,18.34,290,'Rain','light intensity shower rain'
948200400,53.26,51.8,55.95,995,87,5.82,320,'Rain','light intensity shower rain'
948204000,53.91,51.45,56.69,995,81,9.17,280,'Clouds','few clouds'
948207600,55.13,50.88,57.67,996,63,25.28,290,'Clouds','broken clouds'
948211200,55.65,50.72,57.2,997,62,19.46,270,'Clouds','broken clouds'
948214800,54.55,51.13,57.2,997,93,27.51,270,'Thunderstorm','thunderstorm with rain'
948218400,53.69,50.83,55.27,998,81,23.04,280,'Thunderstorm','thunderstorm with rain'
948222000,53.85,50.86,55.67,998,76,27.51,270,'Thunderstorm','thunderstorm'
948225600,55.63,51.29,57.2,998,67,31.09,270,'Clouds','few clouds'
948229200,55.58,52.06,57.31,999,64,31.09,280,'Clouds','few clouds'
948232800,56.07,52.67,57.3,1000,58,35.57,280,'Clouds','few clouds'
948236400,55.47,53.52,57.57,1001,66,36.91,290,'Clouds','few clouds'
948240000,55.9,53.79,57.85,1002,60,32.21,290,'Clouds','few clouds'
948243600,56.35,53.83,57.98,1002,62,33.33,290,'Clouds','few clouds'
948247200,55.62,52.41,57.83,1003,62,33.33,290,'Clouds','few clouds'
948250800,51.58,49.64,58.01,1005,63,5.82,350,'Clouds','few clouds'
948254400,51.51,48.2,58.08,1007,57,2.24,340,'Clouds','few clouds'
948258000,50,44.6,58.02,1008,75,3.36,340,'Clouds','few clouds'
948261600,50.18,46.4,58.11,1009,81,4.7,80,'Clouds','few clouds'
948265200,54.36,52.9,58.5,1010,66,6.93,70,'Clouds','few clouds'
948268800,58.6,56.22,59.31,1011,51,11.45,263,'Clouds','few clouds'
948272400,59.77,57.47,60.8,1011,55,9.17,160,'Clouds','few clouds'
948276000,60.08,56.29,62.6,1010,55,13.87,150,'Clouds','few clouds'
948279600,60.12,55.48,62.6,1010,55,13.87,150,'Clouds','few clouds'
948283200,60.8,55.87,62.24,1009,45,17.22,140,'Clouds','few clouds'
948286800,61.14,55.5,62.6,1009,55,19.46,140,'Clouds','few clouds'
948290400,61.34,55.99,62.6,1009,55,19.46,140,'Clouds','few clouds'
948294000,60.13,56.27,61.83,1009,67,17.22,200,'Clouds','broken clouds'
948297600,59.95,57.16,61.85,1008,72,19.46,240,'Rain','light intensity shower rain'
948301200,59.43,56.4,60.8,1008,77,21.92,220,'Clouds','broken clouds'
948304800,59.16,54.72,60.44,1008,78,20.8,230,'Rain','light intensity shower rain'
948308400,59.58,55.19,60.8,1008,72,17.22,230,'Clouds','broken clouds'
948312000,60.15,54.9,62.6,1007,72,28.86,230,'Clouds','broken clouds'
948315600,59.43,55.55,61.02,1007,79,28.86,250,'Rain','light intensity shower rain'
948319200,60.22,52.87,62.6,1007,72,28.86,230,'Clouds','broken clouds'
948322800,59.07,52.03,60.8,1006,77,26.4,240,'Clouds','broken clouds'
948326400,57.6,51.88,59,1006,83,25.28,240,'Rain','light intensity shower rain'
948330000,56.53,52.19,58.64,1006,83,25.28,240,'Rain','light intensity shower rain'
948333600,56.25,52.28,57.9,1005,68,26.4,280,'Clouds','broken clouds'
948337200,56.8,52.82,58.73,1005,68,26.4,280,'Clouds','broken clouds'
948340800,56.62,52.19,58.42,1006,71,27.51,280,'Clouds','broken clouds'
948344400,56.34,51.04,57.82,1006,58,27.51,280,'Clouds','few clouds'
948348000,56.14,52.49,57.5,1007,62,25.28,280,'Clouds','few clouds'
948351600,56.48,52.5,57.28,1007,50,26.4,280,'Clouds','few clouds'
948355200,56.53,53.08,57.2,1008,54,27.51,280,'Clouds','few clouds'
948358800,57.04,53.09,58.1,1008,43,26.4,280,'Clouds','few clouds'
948362400,56.41,52.34,57.2,1008,47,32.21,280,'Clouds','few clouds'
948366000,56.21,51.7,57.2,1007,50,31.09,270,'Clouds','few clouds'
948369600,55.78,50.74,57.02,1007,49,31.09,270,'Clouds','few clouds'
948373200,54.59,49.98,55.61,1008,47,29.97,290,'Clouds','few clouds'
948376800,54.45,49.79,55.4,1009,47,33.33,280,'Clouds','few clouds'
948380400,53.42,49.39,54.36,1009,51,32.21,280,'Clouds','few clouds'
948384000,53.04,49.72,53.94,1009,57,32.21,280,'Clouds','broken clouds'
948387600,52.88,48.87,53.72,1010,54,29.97,280,'Clouds','broken clouds'
948391200,52.79,48.88,53.94,1010,57,34.45,280,'Clouds','few clouds'
948394800,51.35,48.96,53.77,1011,53,25.28,330,'Clouds','few clouds'
948398400,48.76,46.4,53.33,1012,70,18.34,330,'Rain','light intensity shower rain'
948402000,47.7,46.4,51.99,1013,60,10.29,330,'Clouds','broken clouds'
948405600,47.89,46.07,50.9,1013,42,13.87,330,'Clouds','broken clouds'
948409200,47.21,46.4,50.88,1013,45,17.22,330,'Clouds','few clouds'
948412800,46.18,44.42,51.06,1014,49,10.29,340,'Clouds','few clouds'
948416400,44.8,42.8,50.95,1015,56,10.29,340,'Clouds','few clouds'
948420000,44.69,42.8,50.7,1015,56,10.29,340,'Clouds','few clouds'
948423600,43.23,39.74,50.53,1015,56,8.05,350,'Clouds','few clouds'
948427200,42.69,39.2,50.27,1016,60,6.93,340,'Clouds','few clouds'
948430800,41.31,37.4,50.06,1017,64,6.93,350,'Clouds','few clouds'
948434400,42.91,38.66,49.92,1017,58,5.82,360,'Clouds','few clouds'
948438000,46.27,44.38,49.95,1018,39,11.41,350,'Clouds','broken clouds'
948441600,47.23,44.53,50.29,1018,39,10.29,330,'Clouds','broken clouds'
948445200,49.3,46.68,50.4,1018,42,14.99,310,'Clouds','broken clouds'
948448800,49.37,46.36,50,1017,46,13.87,290,'Clouds','few clouds'
948452400,50.63,46.27,51.8,1017,43,11.41,300,'Clouds','few clouds'
948456000,49.48,45.91,50.85,1017,50,11.41,310,'Clouds','broken clouds'
948459600,48.81,46.08,51.16,1017,57,6.93,330,'Clouds','broken clouds'
948463200,48.96,46.69,51.5,1017,57,5.82,340,'Rain','light intensity shower rain'
948466800,48.22,46.52,51.74,1017,62,2.24,360,'Clouds','broken clouds'
948470400,47.8,46.4,51.82,1017,61,3.36,30,'Clouds','broken clouds'
948474000,49.17,45.64,51.77,1017,57,19.46,270,'Rain','light intensity shower rain'
948477600,49.28,45.43,51.48,1017,52,20.8,270,'Clouds','broken clouds'
948481200,49.46,45.39,51.8,1017,46,19.46,270,'Clouds','broken clouds'
948484800,48.7,45.07,52.05,1017,46,21.92,280,'Clouds','broken clouds'
948488400,49.48,45.16,52.69,1017,48,17.22,280,'Clouds','broken clouds'
948492000,49.62,45.42,52.57,1017,43,20.8,270,'Clouds','broken clouds'
948495600,49.8,46.12,53.01,1017,46,17.22,280,'Clouds','broken clouds'
948499200,49.86,46.55,52.97,1017,50,12.75,270,'Clouds','broken clouds'
948502800,49.59,46.38,53.18,1016,50,12.75,270,'Clouds','broken clouds'
948506400,49.14,42.8,53.88,1016,57,18.34,270,'Clouds','few clouds'
948510000,50.04,43.16,54.21,1016,50,17.22,270,'Clouds','broken clouds'
948513600,50.16,42.8,54.45,1016,57,16.11,260,'Clouds','broken clouds'
948517200,50.02,44.6,54.63,1016,66,9.17,240,'Clouds','few clouds'
948520800,52.84,50.9,54.63,1016,72,10.29,240,'Clouds','few clouds'
948524400,53.98,49.77,55.4,1016,54,12.75,240,'Clouds','few clouds'
948528000,55.51,51.6,57.2,1016,58,13.87,230,'Clouds','few clouds'
948531600,54.43,51.97,56.66,1016,75,14.99,240,'Clouds','broken clouds'
948535200,54.86,50.54,57.2,1016,67,12.75,230,'Clouds','few clouds'
948538800,56.52,50.6,59,1015,54,16.11,260,'Clouds','few clouds'
948542400,54.68,50.03,56.48,1015,74,16.11,240,'Rain','light intensity shower rain'
948546000,54.84,49.67,57.2,1015,58,19.46,260,'Clouds','few clouds'
948549600,55.29,49.61,59,1015,54,18.34,260,'Clouds','broken clouds'
948553200,55.8,49.92,57.74,1015,68,25.28,260,'Clouds','broken clouds'
948556800,55.83,51.05,57.33,1015,62,18.34,270,'Rain','light intensity shower rain'
948560400,56.07,51.87,57.95,1015,58,16.11,280,'Clouds','broken clouds'
948564000,55.2,50.91,58.33,1015,57,17.22,270,'Clouds','broken clouds'
948567600,53.8,50,58.32,1015,66,13.87,300,'Clouds','few clouds'
948571200,55.4,49.97,58.41,1015,71,17.22,270,'Clouds','broken clouds'
948574800,55.08,49.25,58.65,1015,71,19.46,270,'Clouds','broken clouds'
948578400,54.61,50,58.03,1015,67,20.8,270,'Clouds','few clouds'
948582000,55.35,50.48,57.55,1015,67,21.92,270,'Clouds','few clouds'
948585600,56.3,49.74,58.28,1015,65,21.92,270,'Clouds','broken clouds'
948589200,56.8,50.23,59,1015,67,20.8,270,'Clouds','broken clouds'
948592800,55.44,50.05,59,1015,67,20.8,270,'Clouds','broken clouds'
948596400,54.23,48.9,57.74,1015,71,17.22,280,'Clouds','broken clouds'
948600000,54.75,49.37,57.53,1016,71,16.11,280,'Clouds','broken clouds'
948603600,54.45,50,57.5,1016,67,16.11,280,'Clouds','few clouds'
948607200,56.52,54.87,57.29,1017,73,12.75,300,'Clouds','few clouds'
948610800,56.01,53.6,57.42,1018,67,13.87,300,'Clouds','few clouds'
948614400,57.38,53.19,59,1018,54,13.87,290,'Clouds','few clouds'
948618000,58.19,53.12,59.9,1018,52,13.87,290,'Clouds','few clouds'
948621600,58.82,55.18,60.8,1018,51,12.75,280,'Clouds','few clouds'
948625200,59.16,54.53,60.8,1017,51,13.87,280,'Clouds','few clouds'
948628800,58.75,53.84,60.26,1018,56,13.87,280,'Clouds','few clouds'
948632400,58.6,53.37,60.8,1018,51,12.75,290,'Clouds','few clouds'
948636000,57.81,53.07,59,1019,58,11.41,280,'Clouds','few clouds'
948639600,56.8,52.92,57.68,1019,60,8.05,280,'Clouds','few clouds'
948643200,54,51.8,57.77,1019,76,3.36,10,'Clouds','few clouds'
948646800,52.43,48.2,58.07,1019,87,3.36,40,'Clouds','few clouds'
948650400,50.9,47.12,58.44,1020,87,6.93,40,'Clouds','scattered clouds'
948654000,50.72,48.2,58.85,1020,87,10.29,40,'Clouds','scattered clouds'
948657600,51.1,48.2,59.14,1020,87,10.29,40,'Clouds','few clouds'
948661200,50.05,46.76,59.12,1020,79,11.41,40,'Clouds','few clouds'
948664800,49.37,46.4,57.59,1020,87,12.75,40,'Clouds','few clouds'
948668400,50.29,48.2,57.88,1019,81,10.29,40,'Rain','light intensity shower rain'
948672000,50.49,47.66,58.06,1019,87,10.29,50,'Clouds','few clouds'
948675600,50.2,46.4,57.61,1019,87,9.17,40,'Clouds','few clouds'
948679200,50.29,46.4,57.16,1019,87,9.17,40,'Clouds','few clouds'
948682800,51.89,49.28,56.95,1018,86,12.75,100,'Clouds','broken clouds'
948686400,52.07,49.75,57.59,1018,87,9.17,70,'Clouds','few clouds'
948690000,52.65,50,57.91,1018,87,11.41,70,'Clouds','few clouds'
948693600,54.41,53.24,58.56,1018,89,9.17,70,'Clouds','few clouds'
948697200,55.9,52.27,59.26,1018,82,9.17,130,'Clouds','broken clouds'
948700800,59.67,54.65,60.8,1018,51,18.34,190,'Clouds','few clouds'
948704400,60.84,54.17,63.14,1017,52,14.99,190,'Clouds','few clouds'
948708000,61.57,57.94,62.6,1016,55,16.11,190,'Clouds','few clouds'
948711600,62.73,57.53,64.4,1015,55,14.99,170,'Clouds','few clouds'
948715200,63.01,57.08,64.94,1015,54,16.11,150,'Clouds','few clouds'
948718800,61.63,57.44,62.6,1014,59,17.22,140,'Clouds','few clouds'
948722400,61.7,57.48,62.6,1014,55,17.22,130,'Clouds','broken clouds'
948726000,60.85,56.99,62.28,1014,61,16.11,140,'Clouds','broken clouds'
948729600,60.58,57.85,62.36,1014,58,14.99,140,'Clouds','broken clouds'
948733200,61.18,56.79,62.6,1014,63,11.41,130,'Clouds','broken clouds'
948736800,60.48,56.39,62.17,1014,64,12.75,130,'Clouds','few clouds'
948740400,57.61,55.4,62.06,1013,81,9.17,70,'Clouds','few clouds'
948744000,57.54,55.4,62.11,1013,81,11.41,100,'Clouds','few clouds'
948747600,56.64,55.22,62.32,1013,81,9.17,90,'Clouds','few clouds'
948751200,54.9,51.8,62.79,1012,93,9.17,70,'Clouds','few clouds'
948754800,54.39,51.8,62.46,1012,81,9.17,50,'Clouds','few clouds'
948758400,54.27,51.62,62.1,1012,76,8.05,30,'Clouds','few clouds'
948762000,53.89,50,61.49,1012,76,6.93,20,'Clouds','few clouds'
948765600,53.58,50,60.93,1012,76,6.93,20,'Clouds','few clouds'
948769200,51.76,47.84,60.68,1012,79,2.24,60,'Clouds','broken clouds'
948772800,56.41,50,60.59,1013,76,18.34,270,'Clouds','few clouds'
948776400,57.83,55.4,60.62,1013,67,13.87,270,'Clouds','few clouds'
948780000,58.17,54.93,60.1,1013,72,13.87,270,'Clouds','few clouds'
948783600,58.87,53.59,60.8,1014,67,19.46,260,'Clouds','few clouds'
948787200,60.04,52.44,62.6,1014,59,18.34,260,'Clouds','broken clouds'
948790800,59.77,52.9,62.24,1014,64,19.46,260,'Clouds','few clouds'
948794400,60.01,54.04,62.6,1014,64,19.46,260,'Clouds','few clouds'
948798000,60.19,53.83,62.6,1014,63,20.8,250,'Clouds','broken clouds'
948801600,58.84,53.51,62.78,1013,79,13.87,280,'Clouds','broken clouds'
948805200,57.7,52.94,59,1014,82,17.22,260,'Rain','light intensity shower rain'
948808800,57.67,52.25,59,1014,72,14.99,270,'Clouds','broken clouds'
948812400,56.32,53.04,57.83,1014,71,17.22,260,'Clouds','few clouds'
948816000,55.72,54.15,58.43,1015,76,14.99,260,'Clouds','few clouds'
948819600,55.53,52.47,58.72,1015,81,24.16,290,'Rain','light intensity shower rain'
948823200,56.01,52.62,58.88,1015,64,25.28,280,'Clouds','few clouds'
948826800,56.34,52.8,58.73,1015,62,26.4,280,'Clouds','few clouds'
948830400,56.25,52.5,58.43,1015,58,29.97,310,'Rain','light intensity shower rain'
948834000,56.08,52.72,58.04,1015,60,27.51,290,'Clouds','few clouds'
948837600,55.94,52.18,57.2,1015,54,29.97,280,'Clouds','broken clouds'
948841200,55.96,52.6,57.2,1015,50,28.86,280,'Clouds','broken clouds'
948844800,55.35,52.68,56.63,1015,64,28.86,280,'Clouds','few clouds'
948848400,55.17,52.78,56.49,1015,58,28.86,290,'Clouds','few clouds'
948852000,54.5,51.66,56.35,1015,58,28.86,290,'Clouds','few clouds'
948855600,53.64,50.94,56.12,1015,53,29.97,290,'Clouds','broken clouds'
948859200,53.13,50.89,55.84,1015,57,28.86,290,'Clouds','broken clouds'
948862800,52.99,50.31,55.56,1015,50,26.4,290,'Clouds','few clouds'
948866400,53.06,49.91,55.38,1016,51,34.45,280,'Clouds','few clouds'
948870000,53.31,49.85,55.28,1016,43,31.09,290,'Clouds','broken clouds'
948873600,54.14,50.43,55.4,1016,47,28.86,280,'Clouds','few clouds'
948877200,54.39,52.06,55.05,1016,50,29.97,280,'Clouds','few clouds'
948880800,54.52,50.52,55.4,1015,40,31.09,290,'Clouds','few clouds'
948884400,54.46,50.34,55.4,1015,50,28.86,290,'Clouds','broken clouds'
948888000,54.21,50.47,55.04,1015,51,28.86,290,'Clouds','broken clouds'
948891600,53.08,49.54,54.23,1015,50,31.09,290,'Clouds','few clouds'
948895200,52.86,48.23,54.19,1015,54,27.51,290,'Clouds','broken clouds'
948898800,51.53,47.55,54.05,1015,56,28.86,290,'Clouds','broken clouds'
948902400,51.62,48.3,53.88,1015,61,31.09,280,'Clouds','few clouds'
948906000,51.49,47.7,53.77,1016,61,28.86,290,'Clouds','few clouds'
948909600,51.15,46.65,53.58,1016,51,28.86,280,'Clouds','few clouds'
948913200,50.85,46.7,53.43,1015,53,26.4,290,'Clouds','few clouds'
948916800,50.77,46.27,53.37,1015,53,25.28,280,'Clouds','few clouds'
948920400,50.9,47.16,53.18,1015,52,24.16,280,'Clouds','few clouds'
948924000,50.65,45.73,53.17,1014,53,23.04,280,'Clouds','few clouds'
948927600,49.42,46.04,52.76,1014,53,19.46,300,'Clouds','few clouds'
948931200,49.28,46.9,52.78,1013,51,17.22,290,'Clouds','few clouds'
948934800,49.42,47.08,52.47,1013,51,17.22,290,'Clouds','few clouds'
948938400,46.51,44.6,51.73,1012,56,5.82,350,'Clouds','few clouds'
948942000,46.35,44.6,50.92,1012,56,5.82,350,'Clouds','few clouds'
948945600,46.27,44.6,50.48,1012,56,8.05,350,'Clouds','few clouds'
948949200,45.9,44.6,50.49,1012,56,8.05,350,'Clouds','few clouds'
948952800,45.48,44.06,50.5,1011,60,6.93,10,'Clouds','broken clouds'
948956400,46.9,44.96,50.6,1012,52,11.41,270,'Rain','light rain'
948960000,48.06,44.84,50.49,1012,49,6.93,350,'Clouds','broken clouds'
948963600,46.98,44.96,50.06,1012,71,11.41,330,'Rain','light intensity shower rain'
948967200,45.91,43.27,48.47,1011,70,13.87,310,'Clouds','broken clouds'
948970800,47.34,43.19,48.2,1010,49,16.11,320,'Clouds','broken clouds'
948974400,46.22,42.73,47.84,1010,51,20.8,330,'Rain','light intensity shower rain'
948978000,45.46,41.71,47.66,1010,45,9.17,310,'Clouds','few clouds'
948981600,44.33,40.62,47.27,1011,45,13.87,330,'Clouds','few clouds'
948985200,42.1,38.35,46.17,1011,48,11.41,10,'Clouds','few clouds'
948988800,41.65,39.22,46.11,1011,52,10.29,50,'Clouds','few clouds'
948992400,40.77,39.2,47.08,1012,51,6.93,40,'Clouds','few clouds'
948996000,40.8,38.66,47.47,1013,54,8.05,30,'Clouds','few clouds'
948999600,41.36,39.2,47.41,1013,44,5.82,50,'Clouds','few clouds'
949003200,40.84,39.2,47.29,1013,44,5.82,30,'Clouds','few clouds'
949006800,40.95,38.84,47.08,1013,47,9.17,20,'Clouds','few clouds'
949010400,40.24,37.4,46.55,1013,47,12.75,20,'Clouds','few clouds'
949014000,40.26,37.4,46.57,1014,44,9.17,10,'Clouds','few clouds'
949017600,39.45,37.04,46.81,1013,58,14.07,5,'Clear','sky is clear'
949021200,39.6,37.4,46.97,1013,55,14.07,2,'Clear','sky is clear'
949024800,40.21,37.4,47.18,1013,55,14.32,1,'Clear','sky is clear'
949028400,40.17,38.12,47.48,1014,56,13.87,360,'Clear','sky is clear'
949032000,40.14,37.4,47.79,1014,59,12.75,350,'Clear','sky is clear'
949035600,41.04,39.2,48.04,1015,60,5.82,290,'Clouds','few clouds'
949039200,43.2,41.36,48.33,1016,46,9.17,300,'Clouds','few clouds'
949042800,44.98,42.36,48.75,1017,45,5.82,30,'Clouds','few clouds'
949046400,47.66,43.49,49.28,1017,26,19.46,20,'Clouds','few clouds'
949050000,49.57,44.94,51.26,1017,24,16.11,20,'Clouds','few clouds'
949053600,51.46,46.84,53.6,1016,23,11.41,10,'Clear','sky is clear'
949057200,51.58,46.97,53.6,1016,27,9.17,300,'Clear','sky is clear'
949060800,52.7,47.34,54.86,1016,26,4.7,30,'Clear','sky is clear'
949064400,53.01,47.47,55.4,1016,22,8.05,50,'Clear','sky is clear'
949068000,53.1,47.69,55.4,1017,26,2.24,30,'Clear','sky is clear'
949071600,51.1,47.99,52.16,1017,29,12.75,310,'Clear','sky is clear'
949075200,48.6,46.4,52.33,1018,33,8.05,10,'Clouds','few clouds'
949078800,45.52,42.8,52.32,1018,45,8.05,350,'Clear','sky is clear'
949082400,42.73,38.12,52.39,1019,50,6.93,30,'Clear','sky is clear'
949086000,42.96,39.2,52.42,1020,47,3.36,20,'Clear','sky is clear'
949089600,42.13,37.4,52.46,1020,47,8.05,50,'Clear','sky is clear'
949093200,41.95,37.04,52.53,1020,51,8.05,30,'Clear','sky is clear'
949096800,42.28,39.2,52.55,1020,41,9.17,30,'Clear','sky is clear'
949100400,42.3,39.2,53.02,1020,41,9.17,40,'Clear','sky is clear'
949104000,40.93,36.68,53.62,1021,50,9.17,50,'Clear','sky is clear'
949107600,41.5,37.22,54.08,1020,50,9.17,50,'Clear','sky is clear'
949111200,42.48,35.6,54.46,1021,42,8.05,50,'Clear','sky is clear'
949114800,42.31,34.52,54.8,1021,42,8.05,50,'Clear','sky is clear'
949118400,43.39,33.8,55.08,1021,56,5.82,50,'Clouds','few clouds'
949122000,44.29,37.4,55.31,1022,60,6.93,40,'Clouds','broken clouds'
949125600,46.69,40.82,55.76,1022,56,5.82,50,'Clouds','broken clouds'
949129200,50.56,48.2,56.12,1022,53,3.36,40,'Clouds','few clouds'
949132800,55.35,51.66,57.2,1023,44,3.36,90,'Clouds','few clouds'
949136400,56.8,51.03,58.28,1023,42,2.24,180,'Clouds','few clouds'
949140000,57.13,52.85,59,1022,47,8.05,240,'Clouds','broken clouds'
949143600,57.6,52.74,59,1022,54,6.93,230,'Clouds','broken clouds'
949147200,57.33,52.76,59,1022,55,9.17,250,'Clouds','broken clouds'
949150800,58.21,53,60.8,1022,47,11.41,240,'Clouds','broken clouds'
949154400,57.74,52.4,59,1022,47,6.93,260,'Clouds','few clouds'
949158000,56.52,51.73,58.06,1023,59,2.24,250,'Clouds','few clouds'
949161600,54.63,52.27,58.16,1023,66,2.24,30,'Clouds','few clouds'
949165200,51.76,48.2,58.26,1025,75,5.82,30,'Clouds','few clouds'
949168800,51.85,50,58.31,1025,73,6.93,30,'Clouds','few clouds'
949172400,51.3,48.2,58.26,1025,71,8.05,40,'Clouds','few clouds'
949176000,50.02,46.4,58.24,1025,70,9.17,40,'Clouds','few clouds'
949179600,49.64,46.76,58.25,1026,79,9.17,40,'Clouds','few clouds'
949183200,49.41,46.4,57.69,1026,81,10.29,40,'Clouds','few clouds'
949186800,49.86,46.4,57.73,1026,81,9.17,30,'Clouds','few clouds'
949190400,49.35,45.68,57.86,1026,80,10.29,40,'Clouds','few clouds'
949194000,49.39,46.4,57.83,1026,81,9.17,40,'Clouds','broken clouds'
949197600,48.96,46.4,58,1026,81,9.17,40,'Clouds','broken clouds'
949201200,48.87,46.22,58.2,1026,77,11.41,40,'Clouds','few clouds'
949204800,49.26,44.6,58.31,1026,70,11.41,40,'Clouds','few clouds'
949208400,50.11,46.4,58.48,1026,75,11.41,40,'Clouds','broken clouds'
949212000,51.66,48.38,58.51,1027,71,11.41,40,'Clouds','broken clouds'
949215600,54.18,51.51,58.67,1027,71,8.05,60,'Clouds','few clouds'
949219200,59.13,55.17,60.8,1027,58,12.75,120,'Clouds','few clouds'
949222800,60.48,56.04,62.96,1027,56,13.87,120,'Clouds','broken clouds'
949226400,61.27,58.15,62.6,1026,55,13.87,120,'Clouds','few clouds'
949230000,61.18,57.64,62.6,1025,59,11.41,150,'Clouds','few clouds'
949233600,61.27,56.95,63.32,1025,59,10.29,140,'Clouds','broken clouds'
949237200,60.24,56.76,62.6,1025,55,9.17,140,'Clouds','broken clouds'
949240800,59.97,55.16,62.6,1025,58,9.17,140,'Clouds','broken clouds'
949244400,57.78,55.65,59.54,1026,76,12.75,180,'Rain','heavy intesity shower rain'
949248000,57.22,56.07,58.45,1026,76,10.29,170,'Clouds','broken clouds'
949251600,54.1,51.8,58.28,1026,87,5.82,40,'Clouds','broken clouds'
949255200,54.34,52.88,58.17,1026,90,8.05,40,'Clouds','broken clouds'
949258800,54.48,53.6,57.6,1026,93,8.05,40,'Rain','moderate rain'
949262400,53.55,51.8,57.8,1026,100,8.05,50,'Clouds','broken clouds'
949266000,54.23,52.7,57.86,1026,93,2.24,80,'Clouds','broken clouds'
949269600,54.18,52.93,57.54,1025,93,5.82,40,'Clouds','broken clouds'
949273200,54.09,52.78,57.22,1025,93,2.24,30,'Clouds','broken clouds'
949276800,54.39,53.06,57.28,1025,88,7.61,165,'Clouds','broken clouds'
949280400,54.25,53.6,57.28,1025,93,8.23,176,'Clouds','broken clouds'
949284000,54.21,53.39,57.3,1025,93,8.79,193,'Clouds','broken clouds'
949287600,53.91,51.69,57.15,1024,86,5.82,350,'Rain','light rain'
949291200,52.92,51.8,57.12,1024,100,2.24,30,'Rain','light rain'
949294800,52.18,50,57.08,1024,93,8.05,60,'Clouds','few clouds'
949298400,52.86,51.11,57.16,1024,92,8.05,60,'Clouds','few clouds'
949302000,55.31,50.82,57.2,1024,87,9.17,80,'Clouds','broken clouds'
949305600,56.34,54.69,59,1025,81,6.93,100,'Rain','light intensity shower rain'
949309200,55.89,55.17,56.12,1024,84,5.82,70,'Clouds','broken clouds'
949312800,57.76,54.52,59,1024,72,2.24,110,'Rain','light intensity shower rain'
949316400,57.72,54.08,59,1023,76,5.82,120,'Clouds','few clouds'
949320000,59.14,54.77,62.6,1022,69,5.82,160,'Rain','light intensity shower rain'
949323600,59.59,54.46,62.6,1022,67,2.24,190,'Clouds','few clouds'
949327200,59.05,53.54,60.8,1022,67,3.36,210,'Clouds','few clouds'
949330800,57.83,53.04,59,1022,72,2.24,330,'Clouds','few clouds'
949334400,56.03,54.3,57.62,1022,81,3.36,50,'Clouds','few clouds'
949338000,55.4,52.93,57.71,1023,81,5.82,30,'Clouds','few clouds'
949341600,54.64,51.48,57.68,1023,85,5.82,40,'Rain','light intensity shower rain'
949345200,53.28,51.8,57.54,1023,93,3.36,60,'Clouds','few clouds'
949348800,51.85,50,57.46,1023,93,3.36,50,'Clouds','few clouds'
949352400,51.31,48.9,57.29,1023,90,4.7,40,'Clouds','few clouds'
949356000,50.85,48.2,57.46,1023,93,5.82,30,'Clouds','few clouds'
949359600,50.27,48.2,57.23,1023,93,3.36,60,'Clouds','few clouds'
949363200,49.21,46.94,56.93,1023,89,2.24,20,'Clouds','few clouds'
949366800,48.76,46.4,56.2,1022,93,3.89,355,'Clouds','few clouds'
949370400,47.71,44.6,55.76,1022,93,4.32,346,'Clouds','few clouds'
949374000,48.78,46.04,55.71,1022,87,9.17,30,'Clouds','few clouds'
949377600,47.62,44.6,55.93,1023,87,8.05,20,'Clouds','few clouds'
949381200,46.62,42.8,56.19,1023,93,8.05,30,'Clouds','few clouds'
949384800,49.84,46.94,56.61,1023,84,9.17,40,'Clouds','few clouds'
949388400,53.38,51.05,57.1,1024,76,5.82,40,'Clouds','few clouds'
949392000,57.6,54.19,59,1024,72,12.75,310,'Clouds','few clouds'
949395600,59.67,54.89,61.7,1024,61,13.87,290,'Clouds','few clouds'
949399200,60.15,56.62,62.6,1023,63,16.11,300,'Clouds','few clouds'
949402800,61.48,57.25,64.4,1022,55,18.34,290,'Clouds','few clouds'
949406400,60.42,57.05,62.24,1023,54,23.04,300,'Clouds','few clouds'
949410000,61,56.83,62.6,1022,67,16.11,300,'Clouds','few clouds'
949413600,59.95,55.04,62.6,1022,67,16.11,300,'Clouds','few clouds'
949417200,58.53,55.38,60.8,1023,64,10.29,320,'Clouds','few clouds'
949420800,56.86,55.4,59,1023,71,6.93,340,'Clouds','few clouds'
949424400,55.53,53.6,58.93,1024,81,6.93,10,'Clouds','few clouds'
949428000,54.37,52.34,58.99,1024,84,6.93,30,'Clouds','few clouds'
949431600,53.83,51.8,59.05,1024,81,8.05,30,'Clouds','few clouds'
949435200,52.43,50,59.06,1024,87,9.17,60,'Clouds','few clouds'
949438800,52.74,50.18,59.07,1024,82,8.05,50,'Clouds','few clouds'
949442400,51.62,50,58.7,1024,81,8.05,30,'Clear','sky is clear'
949446000,50.68,48.2,58.55,1023,87,9.17,40,'Clear','sky is clear'
949449600,50.54,48.56,58.51,1023,81,9.17,40,'Clear','sky is clear'
949453200,49.55,46.4,58.2,1023,81,8.05,30,'Clouds','few clouds'
949456800,49.59,46.36,57.42,1023,81,8.05,30,'Clouds','scattered clouds'
949460400,48.27,45.68,56.73,1022,82,11.41,40,'Clear','sky is clear'
949464000,48,45.31,56.51,1023,87,11.41,40,'Clouds','few clouds'
949467600,47.95,45.17,56.28,1023,87,10.29,40,'Clouds','few clouds'
949471200,50.36,48.38,56.21,1023,85,8.05,30,'Clouds','few clouds'
949474800,54.81,52.92,57.2,1024,76,6.93,40,'Clouds','few clouds'
949478400,57.13,56.35,57.69,1024,82,3.36,100,'Clouds','few clouds'
949482000,60.4,57.27,62.24,1024,62,8.05,150,'Clouds','few clouds'
949485600,61.65,57.88,64.4,1024,55,8.05,150,'Clouds','few clouds'
949489200,61.23,57.93,62.6,1023,51,9.17,160,'Clouds','few clouds'
949492800,61.43,57.59,64.04,1023,53,6.93,190,'Clouds','few clouds'
949496400,61.16,57.42,62.6,1023,55,6.93,180,'Clouds','few clouds'
949500000,60.85,55.25,62.6,1022,55,5.82,180,'Clouds','few clouds'
949503600,59.4,54.72,60.62,1022,61,3.36,180,'Clouds','few clouds'
949507200,58.53,55.57,59.42,1022,67,4.7,170,'Clouds','few clouds'
949510800,55.06,53.43,59.52,1023,71,3.02,193,'Clouds','few clouds'
949514400,53.35,51.08,59.54,1023,85,4.7,20,'Clouds','few clouds'
949518000,53.01,50,59.57,1023,87,6.93,30,'Clouds','few clouds'
949521600,52.93,50.24,59.6,1023,87,6.93,40,'Clouds','few clouds'
949525200,52.65,49.8,59.58,1023,83,8.05,50,'Clouds','few clouds'
949528800,52.07,49.64,59.5,1023,87,9.17,40,'Clouds','few clouds'
949532400,51.62,49.69,59.36,1023,87,9.17,40,'Clouds','few clouds'
949536000,51.06,48.56,59.19,1023,85,9.17,50,'Clear','sky is clear'
949539600,50.72,48.2,58.99,1023,87,11.41,50,'Clouds','few clouds'
949543200,50.18,48.2,58.84,1023,87,11.41,50,'Clouds','few clouds'
949546800,49.8,46.76,58.75,1022,81,10.29,50,'Clouds','few clouds'
949550400,49.62,46.4,58.76,1023,81,12.75,40,'Clouds','few clouds'
949554000,49.23,44.6,58.82,1023,81,10.29,40,'Clouds','few clouds'
949557600,51.17,48.12,58.88,1024,78,9.17,50,'Clouds','broken clouds'
949561200,55.71,53.35,58.98,1024,71,8.05,50,'Clouds','few clouds'
949564800,59.45,57.07,60.8,1024,63,11.41,110,'Clouds','few clouds'
949568400,60.76,57.12,62.6,1023,59,10.29,130,'Clouds','few clouds'
949572000,60.89,58.43,62.6,1023,59,9.17,160,'Clouds','few clouds'
949575600,61.27,58.07,63.14,1022,59,6.93,160,'Clouds','few clouds'
949579200,61.52,57.75,63.14,1022,61,8.05,170,'Clouds','few clouds'
949582800,61.07,56.71,63.14,1022,59,5.82,190,'Clouds','few clouds'
949586400,59.43,56.09,60.8,1022,63,4.7,190,'Clouds','few clouds'
949590000,59.16,55.81,60.26,1022,65,2.24,190,'Clouds','broken clouds'
949593600,58.53,55.4,59.72,1022,67,2.93,259,'Clouds','few clouds'
949597200,55.45,53.6,58.79,1022,81,2.19,273,'Clouds','broken clouds'
949600800,55.56,53.68,58.84,1022,85,1.39,293,'Clouds','few clouds'
949604400,56.16,54.35,58.83,1022,81,2.24,50,'Clouds','broken clouds'
949608000,53.17,51.62,58.84,1022,87,4.7,50,'Clouds','few clouds'
949611600,52.43,50.54,58.79,1022,89,5.82,40,'Clouds','few clouds'
949615200,52.27,50,58.97,1022,87,8.05,30,'Clouds','broken clouds'
949618800,52.52,50,58.77,1022,81,9.17,50,'Clouds','broken clouds'
949622400,52.36,50.18,58.65,1022,82,8.05,50,'Clouds','few clouds'
949626000,51.66,50,58.42,1021,87,10.29,70,'Clouds','few clouds'
949629600,51.24,48.2,58.43,1021,87,10.29,70,'Clouds','few clouds'
949633200,50.63,46.22,58.44,1021,83,6.93,60,'Clouds','broken clouds'
949636800,49.59,44.6,58.47,1021,81,8.05,40,'Clouds','broken clouds'
949640400,50.13,46.4,58.46,1021,81,9.17,50,'Clouds','few clouds'
949644000,52.25,49.28,58.47,1022,76,9.17,40,'Clouds','few clouds'
949647600,56.41,53.44,58.5,1022,62,5.82,70,'Clouds','broken clouds'
949651200,60.4,56.03,62.6,1022,55,5.82,110,'Clouds','broken clouds'
949654800,60.76,56.83,63.14,1022,63,6.93,150,'Clouds','broken clouds'
949658400,61.43,58.98,62.6,1021,67,5.82,150,'Clouds','broken clouds'
949662000,60.51,58.24,62.6,1021,72,5.82,150,'Clouds','broken clouds'
949665600,60.78,57.73,63.14,1020,64,5.82,180,'Clouds','broken clouds'
949669200,60.39,57.02,62.6,1020,67,5.82,220,'Clouds','broken clouds'
949672800,59.68,55.08,60.8,1020,63,6.96,270,'Clouds','broken clouds'
949676400,59.09,56.18,60.62,1020,74,2.24,350,'Clouds','broken clouds'
949680000,59.92,56.66,60.8,1020,67,6.26,293,'Clouds','few clouds'
949683600,57.25,54.09,60.8,1020,81,6.38,302,'Clouds','few clouds'
949687200,56.21,52.4,59.73,1021,81,3.36,20,'Clouds','few clouds'
949690800,55.49,53.12,59.85,1021,87,5.82,30,'Clouds','broken clouds'
949694400,54.18,51.8,60.16,1020,87,5.82,40,'Clouds','few clouds'
949698000,52.3,49.28,60.25,1020,89,5.82,40,'Clouds','few clouds'
949701600,52.27,50,59.78,1020,87,5.82,50,'Clouds','few clouds'
949705200,51.91,50,59.86,1019,87,6.93,50,'Clouds','few clouds'
949708800,52.95,51.08,59.81,1019,85,5.82,50,'Thunderstorm','proximity thunderstorm'
949712400,53.19,51.8,59.47,1018,87,5.82,60,'Clouds','few clouds'
949716000,53.1,51.31,59.32,1018,87,5.82,60,'Clouds','few clouds'
949719600,53.8,50.7,59.37,1017,90,10.29,270,'Rain','light rain'
949723200,54.61,50.84,59.29,1017,93,3.36,360,'Clouds','broken clouds'
949726800,55.06,48.84,59.14,1017,93,5.82,350,'Rain','light intensity shower rain'
949730400,55.29,52.81,58.72,1017,94,2.24,350,'Clouds','few clouds'
949734000,56.98,52.42,59,1017,87,4.7,340,'Clouds','few clouds'
949737600,58.03,54.66,59,1016,76,8.05,270,'Clouds','few clouds'
949741200,59.25,54.67,61.34,1016,69,11.41,260,'Clouds','few clouds'
949744800,59.23,53.79,60.8,1015,72,10.29,270,'Clouds','broken clouds'
949748400,59.2,53.58,60.8,1014,72,18.34,250,'Clouds','broken clouds'
949752000,55.4,51.8,60.44,1014,87,4.7,90,'Rain','light rain'
949755600,58.32,52.97,60.8,1013,67,18.34,250,'Clouds','broken clouds'
949759200,57.52,51.43,59,1013,62,19.46,240,'Clouds','broken clouds'
949762800,56.08,51.76,57.56,1013,76,19.46,290,'Clouds','broken clouds'
949766400,55.26,51.84,57.2,1012,66,23.04,300,'Clouds','few clouds'
949770000,51.33,50,54.88,1013,81,11.41,350,'Clouds','few clouds'
949773600,50.81,49.28,54.23,1014,70,21.92,10,'Clouds','few clouds'
949777200,50.81,50,54.47,1014,76,8.05,330,'Clouds','few clouds'
949780800,50.04,48.2,54.59,1015,81,8.05,310,'Clouds','few clouds'
949784400,48.56,46.04,54.4,1015,81,8.05,330,'Clouds','few clouds'
949788000,48.74,46.4,53.65,1015,81,5.82,340,'Clouds','few clouds'
949791600,47.17,44.6,53.76,1015,87,5.82,350,'Clouds','few clouds'
949795200,46.78,44.24,53.88,1015,84,5.82,10,'Clouds','few clouds'
949798800,47.82,44.6,54.02,1015,81,5.82,350,'Clouds','few clouds'
949802400,47.08,44.6,54.05,1015,81,5.82,350,'Clouds','few clouds'
949806000,46.56,42.44,54.13,1014,83,3.36,10,'Clouds','few clouds'
949809600,46.08,42.8,54.15,1015,81,5.82,20,'Clouds','few clouds'
949813200,45.37,42.8,54.26,1015,81,5.82,350,'Clouds','few clouds'
949816800,47.77,45.5,54.39,1015,85,3.36,30,'Clouds','few clouds'
949820400,51.53,49.71,54.61,1016,81,8.05,320,'Clouds','few clouds'
949824000,54.7,51.62,55.4,1016,58,11.41,320,'Clouds','few clouds'
949827600,56.1,53.03,57.2,1016,57,13.87,300,'Clouds','few clouds'
949831200,57.83,54.82,59,1015,47,11.41,340,'Clouds','few clouds'
949834800,58.73,55.17,60.8,1015,47,13.87,350,'Clouds','few clouds'
949838400,58.35,55.75,59.54,1016,53,19.46,290,'Clouds','few clouds'
949842000,58.28,55.89,59,1016,44,18.34,310,'Clouds','few clouds'
949845600,58.19,55.04,59,1016,51,11.41,300,'Clouds','few clouds'
949849200,57.4,54.12,58.64,1017,48,4.7,330,'Clouds','few clouds'
949852800,54.86,53.6,58.34,1017,62,8.05,70,'Clouds','few clouds'
949856400,52.83,50,58.47,1018,61,10.29,50,'Clouds','few clouds'
949860000,51.62,49.46,58.5,1019,58,12.75,30,'Clouds','few clouds'
949863600,51.82,50,58.36,1019,46,13.87,30,'Clouds','few clouds'
949867200,51.57,50,58.13,1020,46,14.99,40,'Clear','sky is clear'
949870800,50.09,47.12,57.88,1020,55,13.87,30,'Clear','sky is clear'
949874400,49.75,47.92,57.13,1020,49,12.75,30,'Clear','sky is clear'
949878000,48.94,46.4,57.05,1020,56,13.87,30,'Clouds','few clouds'
949881600,48.78,45.5,57.02,1020,54,12.75,30,'Clouds','few clouds'
949885200,49.32,46.4,56.95,1020,49,11.41,40,'Clouds','few clouds'
949888800,48.43,46.4,56.92,1020,49,11.41,40,'Clouds','few clouds'
949892400,48.29,45.86,56.94,1020,50,11.41,30,'Clouds','few clouds'
949896000,47.57,44.6,56.9,1020,56,8.05,60,'Clouds','few clouds'
949899600,47.08,44.6,56.84,1020,56,11.41,30,'Clouds','few clouds'
949903200,48.94,46.4,56.62,1021,59,9.17,30,'Clouds','broken clouds'
949906800,53.46,49.25,56.6,1021,71,8.05,30,'Clouds','few clouds'
949910400,56.35,52.47,57.2,1021,50,2.24,30,'Clouds','few clouds'
949914000,57.79,53.78,59,1021,49,5.82,150,'Clouds','few clouds'
949917600,57.87,55.09,59,1021,47,5.82,180,'Clouds','few clouds'
949921200,58.37,55.19,60.8,1020,47,8.05,180,'Clouds','few clouds'
949924800,57.96,55.57,59.36,1020,49,8.05,180,'Clouds','few clouds'
949928400,57.54,55.08,59,1020,47,8.05,170,'Clouds','few clouds'
949932000,57.79,53.68,59,1020,47,5.82,130,'Clouds','broken clouds'
949935600,56.14,51.72,57.38,1020,54,8.05,110,'Clouds','broken clouds'
949939200,53.46,51.36,57.2,1020,66,2.24,90,'Clouds','few clouds'
949942800,51.4,50,57.36,1021,71,4.7,30,'Clouds','few clouds'
949946400,49.75,47.48,57.42,1021,87,6.93,10,'Clouds','few clouds'
949950000,49.46,46.4,57.4,1021,81,6.93,30,'Clouds','few clouds'
949953600,48.02,44.6,57.27,1021,81,6.93,30,'Clouds','few clouds'
949957200,48.09,45.32,57.14,1021,80,9.17,30,'Clear','sky is clear'
949960800,47.23,44.6,56.16,1021,81,10.29,30,'Clear','sky is clear'
949964400,45.99,42.8,56.02,1021,75,10.29,40,'Clear','sky is clear'
949968000,45.37,41.36,55.96,1020,78,9.17,30,'Clear','sky is clear'
949971600,46,42.8,55.91,1020,70,10.29,30,'Clouds','few clouds'
949975200,45.5,41,55.86,1020,70,10.29,30,'Clouds','few clouds'
949978800,44.64,40.82,55.82,1020,69,11.41,30,'Clear','sky is clear'
949982400,44.62,41,55.81,1020,70,11.41,30,'Clouds','few clouds'
949986000,45.81,42.8,55.73,1021,56,12.75,20,'Clouds','few clouds'
949989600,47.01,44.6,55.71,1021,54,11.41,30,'Clouds','few clouds'
949993200,51.73,46.74,55.75,1021,43,8.05,40,'Clouds','few clouds'
949996800,55.83,50,57.2,1021,44,3.36,90,'Clouds','few clouds'
950000400,57.36,52.01,59,1021,43,9.17,140,'Clouds','few clouds'
950004000,57.9,55.6,59,1020,44,8.05,150,'Clouds','few clouds'
950007600,58.71,55.78,60.8,1020,41,9.17,150,'Clouds','few clouds'
950011200,58.69,55.4,60.26,1019,45,6.93,210,'Clouds','few clouds'
950014800,58.6,54.75,60.8,1019,44,3.36,220,'Clouds','few clouds'
950018400,58.19,54.05,60.8,1019,44,5.82,210,'Clouds','few clouds'
950022000,57,54.83,57.92,1019,44,3.36,220,'Clouds','few clouds'
950025600,55.17,53.6,56.67,1020,54,2.24,200,'Clouds','few clouds'
950029200,51.15,48.2,56.83,1020,70,5.82,10,'Clear','sky is clear'
950032800,49.5,46.04,56.91,1021,73,5.82,30,'Clear','sky is clear'
950036400,50,46.4,56.97,1021,70,8.05,20,'Clear','sky is clear'
950040000,49.26,46.4,56.97,1022,70,10.29,30,'Clear','sky is clear'
950043600,48.27,45.32,56.95,1022,73,9.17,20,'Clear','sky is clear'
950047200,47.95,44.6,56.8,1022,75,10.29,20,'Clear','sky is clear'
950050800,47.5,44.6,56.71,1021,75,10.29,30,'Clear','sky is clear'
950054400,46.87,44.06,56.65,1022,75,9.17,20,'Clear','sky is clear'
950058000,46.31,42.8,56.56,1022,75,9.17,20,'Clear','sky is clear'
950061600,45.91,42.8,56.5,1021,75,9.17,20,'Clear','sky is clear'
950065200,46.4,43.34,56.48,1021,76,10.29,20,'Clear','sky is clear'
950068800,45.28,41,56.45,1021,75,10.29,30,'Clear','sky is clear'
950072400,45.84,42.8,56.45,1022,70,9.17,40,'Clear','sky is clear'
950076000,48.2,45.68,56.61,1022,64,9.17,40,'Clear','sky is clear'
950079600,52.56,51.02,56.79,1022,53,9.17,40,'Clear','sky is clear'
950083200,57.34,53.68,59,1023,51,3.36,40,'Clear','sky is clear'
950086800,58.57,54.16,60.62,1023,52,4.7,220,'Clouds','few clouds'
950090400,59.56,56.68,60.8,1022,51,5.82,220,'Clouds','few clouds'
950094000,59.5,56.46,60.8,1022,51,6.93,240,'Clouds','few clouds'
950097600,59.77,55.54,61.34,1022,50,9.17,260,'Clouds','few clouds'
950101200,59.38,55.53,60.8,1022,47,9.17,240,'Clouds','few clouds'
950104800,59.29,54.74,60.8,1022,47,5.82,240,'Clouds','few clouds'
950108400,57.94,52.94,59.54,1022,54,6.93,240,'Clouds','few clouds'
950112000,56.88,54.51,57.9,1022,58,2.24,260,'Clouds','few clouds'
950115600,52.48,50,58.01,1023,76,1.32,326,'Clouds','few clouds'
950119200,51.04,47.84,58.06,1023,75,6.93,10,'Clouds','few clouds'
950122800,50.67,48.2,58.06,1023,81,8.05,10,'Clouds','few clouds'
950126400,50.54,48.2,58.05,1023,81,6.93,20,'Clouds','few clouds'
950130000,50.02,47.3,58,1023,82,8.05,20,'Clouds','few clouds'
950133600,49.87,46.4,58.27,1023,81,10.29,20,'Clear','sky is clear'
950137200,49.57,46.4,58.21,1023,81,11.41,20,'Clear','sky is clear'
950140800,49.57,46.4,58.06,1023,81,11.41,20,'Clear','sky is clear'
950144400,49.51,46.4,57.89,1023,81,10.29,20,'Clear','sky is clear'
950148000,49.26,46.4,57.83,1022,81,10.29,20,'Clouds','few clouds'
950151600,48.69,45.68,57.82,1022,80,12.75,30,'Clear','sky is clear'
950155200,48.92,45.68,57.74,1022,80,12.75,30,'Clear','sky is clear'
950158800,49.28,46.4,57.53,1022,70,11.41,30,'Clouds','few clouds'
950162400,50.2,47.84,57.44,1022,63,11.41,30,'Clouds','few clouds'
950166000,55.65,51.84,57.49,1023,54,5.82,50,'Clouds','few clouds'
950169600,58.46,54.96,60.8,1023,44,9.17,70,'Clouds','few clouds'
950173200,57.99,56.63,58.82,1023,52,12.75,70,'Clouds','few clouds'
950176800,61.09,57.78,62.6,1022,45,14.99,110,'Clouds','few clouds'
950180400,61.25,58.53,62.6,1021,48,14.99,130,'Clouds','few clouds'
950184000,61.77,58.55,63.5,1021,40,11.41,130,'Clouds','few clouds'
950187600,61.21,57.92,62.6,1020,48,12.75,130,'Clouds','few clouds'
950191200,60.6,56.7,62.6,1020,51,11.41,120,'Clouds','few clouds'
950194800,59.54,57.15,60.8,1020,50,14.99,110,'Clouds','broken clouds'
950198400,58.75,57.51,59.11,1020,62,10.29,100,'Clouds','broken clouds'
950202000,57.18,55.49,58.77,1021,67,2.24,40,'Clouds','few clouds'
950205600,55.02,52.88,58.55,1021,75,6.93,10,'Clouds','few clouds'
950209200,55.33,53.6,58.23,1021,76,5.82,20,'Clouds','few clouds'
950212800,53.6,51.8,58.09,1021,71,5.82,30,'Clouds','few clouds'
950216400,52.09,50.54,58.12,1021,76,11.41,30,'Clear','sky is clear'
950220000,51.13,48.2,58.37,1021,75,6.93,10,'Clouds','scattered clouds'
950223600,50.36,46.4,58.39,1021,75,8.05,30,'Clouds','scattered clouds'
950227200,50.09,46.76,58.48,1020,72,11.41,30,'Clouds','few clouds'
950230800,51.12,48.2,58.57,1020,70,10.29,30,'Clear','sky is clear'
950234400,50.61,48.2,58.64,1020,70,10.29,30,'Clear','sky is clear'
950238000,48.67,44.42,58.69,1020,72,10.29,30,'Clouds','few clouds'
950241600,49.05,46.4,58.48,1020,75,6.93,20,'Clear','sky is clear'
950245200,49.68,46.4,58.49,1021,61,9.17,30,'Clouds','few clouds'
950248800,51.33,48.36,58.22,1021,52,11.41,30,'Clear','sky is clear'
950252400,57.02,54.57,58.56,1021,44,6.93,40,'Clear','sky is clear'
950256000,61.47,59.04,62.6,1021,36,2.24,300,'Clear','sky is clear'
950259600,62.65,59.48,64.76,1021,37,5.82,250,'Clouds','few clouds'
950263200,63.72,60.64,66.2,1020,42,10.29,250,'Clouds','few clouds'
950266800,63.66,60.79,65.48,1020,42,9.17,250,'Clouds','few clouds'
950270400,63.64,60.75,65.48,1020,42,9.17,250,'Clouds','few clouds'
950274000,63.28,60.55,64.4,1020,42,8.05,250,'Clouds','few clouds'
950277600,62.85,59.2,64.4,1020,48,6.93,210,'Clouds','few clouds'
